{"cameraMode":{"drawMode":0,"name":"Shaded","section":"Shading Mode"},"sceneLighting":true,"audioPlay":false,"sceneViewState":{"showFog":true,"showMaterialUpdate":true,"showSkybox":true,"showFlares":true,"showImageEffects":true,"showParticleSystems":true},"in2DMode":false,"pivot":{"x":-42.4921760559082,"y":6.32891845703125,"z":419.81793212890627},"rotation":{"x":0.1945021003484726,"y":0.03824662044644356,"z":-0.0075896610505878929,"w":0.9801268577575684},"size":742.2855224609375,"orthographic":false}